Id,Password
3_2,The world is a stage!
3_3,A blocky dwarf zings a jump!
3_4,Blocky dwarf zings the jump?
3_6,1?wb:J5c6X[-5az7
3_8,zdJq&cg5A$dX2ndT
3_10,kyle_king@post.uk
3_11,john_clark@post.com
3_12,cKNmH?uncg9R=#7s
3_14,gareth_king@post.cd
3_15,qHP4x-%6aBZq84jM
3_16,james_king@post.com
3_18,gwen_king@post.com
3_19,Nymph begs for quick waltz!
3_20,ben_clark@post.cd
3_22,3}fW8&tR4bmdY_b7
3_23,6$=XhwcpH%a6bf9*
3_24,5&Q_dpgwaE5hT?a
3_26,Rh(3q4aRmWx!R)e
3_27,The big dwarf only jumps at?
3_28,dun_edwards@post.ik
3_30,The big dwarf only jumps?
3_31,Nrc@NAt6duvyjNJb
3_32,A Nymph begs for quick waltz!
3_34,!yQS3xBc9z4u_cLg
3_35,End by win a pun!
3_36,jack_cox@post.de
4_1,jack_king@post.uk
4_3,ben_clark@post.cd
4_4,jack_king@post.uk
4_5,A blocky dwarf zings a jump!
4_7,zdJq&cg5A$dX2ndT
4_8,hMNwZbawfCr9vb&p
4_9,The big dwarf only jumps at?
4_11,A Nymph begs for quick waltz!
4_12,Blocky dwarfs sing the jumps?
4_13,6$=XhwcpH%a6bf9*
4_15,james_king@post.com
4_16,A big dwarf only jumps!
4_17,jack_cox@post.de
4_19,A big dwarf only jumps at.
4_20,gwen_king@post.com
4_21,Nymph begs for quick waltz!
4_23,5&Q_dpgwaE5hT?a
4_24,mason_levi@post.cd
4_25,qHP4x-%6aBZq84jM
4_27,cKNmH?uncg9R=#7s
4_28,!yQS3xBc9z4u_cLg
4_29,Nrc@NAt6duvyjNJb
4_31,dun_edwards@post.ik
4_32,Nymphs beg for quick waltz!
4_33,gareth_wub@post.cd
4_35,Blocky dwarf zings the jump?
4_36,G?f(aGqGxn3eg*v#
5_1,1?wb:J5c6X[-5az7
5_2,!yQS3xBc9z4u_cLg
5_4,Nrc@NAt6duvyjNJb
5_5,The world is a stage!
5_6,mason_levi@post.cd
5_8,The big dwarf only jumps at?
5_9,gareth_king@post.cd
5_10,hMNwZbawfCr9vb&p
5_12,Nymph begs for quick waltz!
5_13,kyle_king@post.uk
5_14,A big dwarf only jumps!
5_16,qHP4x-%6aBZq84jM
5_17,3}fW8&tR4bmdY_b7
5_18,Blocky dwarfs sing the jumps?
5_20,6$=XhwcpH%a6bf9*
5_21,End by win a pun!
5_22,G?f(aGqGxn3eg*v#
5_24,john_clark@post.com
5_25,Rh(3q4aRmWx!R)e
5_26,Nymphs beg for quick waltz!
5_28,gareth_wub@post.cd
5_29,gwen_king@post.com
5_30,jack_king@post.uk
5_32,A blocky dwarf zings a jump!
5_33,The big dwarf only jumps?
5_34,gwen_king@post.com
5_36,jack_cox@post.de
7_2,The big dwarf only jumps?
7_3,Nrc@NAt6duvyjNJb
7_4,A Nymph begs for quick waltz!
7_6,gareth_king@post.cd
7_7,john_clark@post.com
7_8,cKNmH?uncg9R=#7s
7_10,3}fW8&tR4bmdY_b7
7_11,jack_cox@post.de
7_12,james_king@post.com
7_14,The world is a stage!
7_15,6$=XhwcpH%a6bf9*
7_16,A big dwarf only jumps at.
7_18,1?wb:J5c6X[-5az7
7_19,The big dwarf only jumps at?
7_20,5&Q_dpgwaE5hT?a
7_22,End by win a pun!
7_23,Nymph begs for quick waltz!
7_24,ben_clark@post.cd
7_26,gwen_king@post.com
7_27,A blocky dwarf zings a jump!
7_28,zdJq&cg5A$dX2ndT
7_30,Rh(3q4aRmWx!R)e
7_31,gareth_wub@post.cd
7_32,Blocky dwarf zings the jump?
7_34,kyle_king@post.uk
7_35,qHP4x-%6aBZq84jM
7_36,dun_edwards@post.ik
8_1,G?f(aGqGxn3eg*v#
8_3,james_king@post.com
8_4,A big dwarf only jumps!
8_5,jack_cox@post.de
8_7,A big dwarf only jumps at.
8_8,!yQS3xBc9z4u_cLg
8_9,john_clark@post.com
8_11,ben_clark@post.cd
8_12,Nymphs beg for quick waltz!
8_13,qHP4x-%6aBZq84jM
8_15,cKNmH?uncg9R=#7s
8_16,gwen_king@post.com
8_17,The big dwarf only jumps at?
8_19,dun_edwards@post.ik
8_20,Blocky dwarfs sing the jumps?
8_21,6$=XhwcpH%a6bf9*
8_23,zdJq&cg5A$dX2ndT
8_24,G?f(aGqGxn3eg*v#
8_25,gareth_wub@post.cd
8_27,Blocky dwarf zings the jump?
8_28,hMNwZbawfCr9vb&p
8_29,A blocky dwarf zings a jump!
8_31,A Nymph begs for quick waltz!
8_32,jack_king@post.uk
8_33,Nymph begs for quick waltz!
8_35,5&Q_dpgwaE5hT?a
8_36,mason_levi@post.cd
9_1,gareth_king@post.cd
9_2,hMNwZbawfCr9vb&p
9_4,john_clark@post.com
9_5,gwen_king@post.com
9_6,Nymphs beg for quick waltz!
9_8,6$=XhwcpH%a6bf9*
9_9,3}fW8&tR4bmdY_b7
9_10,Blocky dwarfs sing the jumps?
9_12,A blocky dwarf zings a jump!
9_13,Rh(3q4aRmWx!R)e
9_14,mason_levi@post.cd
9_16,Nymph begs for quick waltz!
9_17,kyle_king@post.uk
9_18,G?f(aGqGxn3eg*v#
9_20,gareth_wub@post.cd
9_21,1?wb:J5c6X[-5az7
9_25,The big dwarf only jumps?
9_28,qHP4x-%6aBZq84jM
11_2,1?wb:J5c6X[-5az7
11_3,6$=XhwcpH%a6bf9*
11_4,james_king@post.com
11_6,kyle_king@post.uk
11_7,A blocky dwarf zings a jump!
11_8,dun_edwards@post.ik
11_10,Rh(3q4aRmWx!R)e
11_11,The big dwarf only jumps at?
11_12,zdJq&cg5A$dX2ndT
11_14,End by win a pun!
11_15,Nymph begs for quick waltz!
11_16,Blocky dwarf zings the jump?
11_18,The big dwarf only jumps?
11_19,Nrc@NAt6duvyjNJb
11_20,cKNmH?uncg9R=#7s
11_22,gwen_king@post.com
11_23,jack_cox@post.de
11_24,A big dwarf only jumps at.
11_26,The world is a stage!
11_27,gareth_wub@post.cd
11_28,A Nymph begs for quick waltz!
11_30,3}fW8&tR4bmdY_b7
11_31,qHP4x-%6aBZq84jM
11_32,ben_clark@post.cd
11_34,gareth_king@post.cd
11_35,john_clark@post.com
11_36,5&Q_dpgwaE5hT?a
13_1,kyle_king@post.uk
13_2,jack_king@post.uk
13_4,gareth_wub@post.cd
13_5,1?wb:J5c6X[-5az7
13_6,Blocky dwarfs sing the jumps?
13_8,Nrc@NAt6duvyjNJb
13_9,End by win a pun!
13_10,A big dwarf only jumps!
13_12,The big dwarf only jumps at?
13_13,The world is a stage!
13_14,!yQS3xBc9z4u_cLg
13_16,jack_cox@post.de
13_17,gwen_king@post.com
13_18,gwen_king@post.com
13_20,A blocky dwarf zings a jump!
13_21,gareth_king@post.cd
13_22,Nymphs beg for quick waltz!
13_24,qHP4x-%6aBZq84jM
13_25,3}fW8&tR4bmdY_b7
13_26,hMNwZbawfCr9vb&p
13_28,dun_edwards@post.ik
13_29,6$=XhwcpH%a6bf9*
13_30,The big dwarf only jumps?
13_32,john_clark@post.com
13_33,Rh(3q4aRmWx!R)e
13_34,mason_levi@post.cd
13_36,Nymph begs for quick waltz!
14_1,zdJq&cg5A$dX2ndT
14_2,5&Q_dpgwaE5hT?a
14_3,3}fW8&tR4bmdY_b7
14_5,A big dwarf only jumps!
14_6,A Nymph begs for quick waltz!
14_7,gareth_king@post.cd
14_9,Nymphs beg for quick waltz!
14_10,ben_clark@post.cd
14_11,1?wb:J5c6X[-5az7
14_13,hMNwZbawfCr9vb&p
14_14,dun_edwards@post.ik
14_15,The world is a stage!
14_18,cKNmH?uncg9R=#7s
14_19,End by win a pun!
14_22,A big dwarf only jumps at.
14_23,Rh(3q4aRmWx!R)e
14_29,Blocky dwarfs sing the jumps?
14_30,james_king@post.com
14_33,gwen_king@post.com
14_34,Blocky dwarf zings the jump?
14_35,gwen_king@post.com
17_1,The world is a stage!
17_2,G?f(aGqGxn3eg*v#
17_4,jack_cox@post.de
17_5,3}fW8&tR4bmdY_b7
17_6,gwen_king@post.com
17_8,A blocky dwarf zings a jump!
17_9,The big dwarf only jumps?
17_10,jack_king@post.uk
17_12,gareth_wub@post.cd
17_13,gwen_king@post.com
17_14,hMNwZbawfCr9vb&p
17_16,6$=XhwcpH%a6bf9*
17_17,End by win a pun!
17_18,A big dwarf only jumps!
17_20,john_clark@post.com
17_21,Rh(3q4aRmWx!R)e
17_22,!yQS3xBc9z4u_cLg
17_24,Nrc@NAt6duvyjNJb
17_25,1?wb:J5c6X[-5az7
17_26,mason_levi@post.cd
17_28,Nymph begs for quick waltz!
17_29,kyle_king@post.uk
17_30,Blocky dwarfs sing the jumps?
17_33,gareth_king@post.cd
17_36,qHP4x-%6aBZq84jM
18_1,dun_edwards@post.ik
18_2,ben_clark@post.cd
18_3,1?wb:J5c6X[-5az7
18_5,!yQS3xBc9z4u_cLg
18_7,The big dwarf only jumps?
18_10,cKNmH?uncg9R=#7s
18_11,End by win a pun!
18_14,zdJq&cg5A$dX2ndT
18_17,mason_levi@post.cd
18_18,dun_edwards@post.ik
18_19,Rh(3q4aRmWx!R)e
18_22,5&Q_dpgwaE5hT?a
18_26,Blocky dwarf zings the jump?
18_29,gwen_king@post.com
18_31,3}fW8&tR4bmdY_b7
18_35,The world is a stage!
19_2,End by win a pun!
19_8,A Nymph begs for quick waltz!
19_12,ben_clark@post.cd
19_15,gareth_wub@post.cd
19_18,The world is a stage!
19_20,Blocky dwarf zings the jump?
19_27,john_clark@post.com
19_28,cKNmH?uncg9R=#7s
20_3,5&Q_dpgwaE5hT?a
20_4,!yQS3xBc9z4u_cLg
20_5,john_clark@post.com
20_7,dun_edwards@post.ik
20_8,Blocky dwarfs sing the jumps?
20_9,Nrc@NAt6duvyjNJb
20_12,A big dwarf only jumps!
20_13,Nymph begs for quick waltz!
20_15,A big dwarf only jumps at.
20_16,Nymphs beg for quick waltz!
20_17,6$=XhwcpH%a6bf9*
20_19,Blocky dwarf zings the jump?
20_20,G?f(aGqGxn3eg*v#
20_21,A blocky dwarf zings a jump!
20_23,james_king@post.com
20_24,gwen_king@post.com
20_25,The big dwarf only jumps at?
20_27,A Nymph begs for quick waltz!
20_28,mason_levi@post.cd
20_29,gareth_wub@post.cd
20_31,cKNmH?uncg9R=#7s
20_32,hMNwZbawfCr9vb&p
20_33,The big dwarf only jumps?
20_35,ben_clark@post.cd
20_36,jack_king@post.uk
21_1,End by win a pun!
21_2,End by win a pun!
21_4,The big dwarf only jumps at?
21_5,gareth_king@post.cd
21_6,G?f(aGqGxn3eg*v#
21_8,qHP4x-%6aBZq84jM
21_9,kyle_king@post.uk
21_10,!yQS3xBc9z4u_cLg
21_12,john_clark@post.com
21_13,1?wb:J5c6X[-5az7
21_14,gwen_king@post.com
21_17,The big dwarf only jumps?
21_18,mason_levi@post.cd
21_20,jack_cox@post.de
21_21,3}fW8&tR4bmdY_b7
21_22,hMNwZbawfCr9vb&p
21_24,6$=XhwcpH%a6bf9*
21_25,The world is a stage!
21_28,Nrc@NAt6duvyjNJb
21_29,Rh(3q4aRmWx!R)e
21_30,A big dwarf only jumps!
21_33,gwen_king@post.com
21_34,Blocky dwarfs sing the jumps?
23_2,Rh(3q4aRmWx!R)e
23_3,qHP4x-%6aBZq84jM
23_4,cKNmH?uncg9R=#7s
23_6,The world is a stage!
23_7,The big dwarf only jumps at?
24_1,mason_levi@post.cd
24_4,Nymphs beg for quick waltz!
24_8,G?f(aGqGxn3eg*v#
24_9,Nymph begs for quick waltz!
24_11,james_king@post.com
24_12,hMNwZbawfCr9vb&p
24_13,Nrc@NAt6duvyjNJb
24_15,dun_edwards@post.ik
24_17,john_clark@post.com
24_20,mason_levi@post.cd
24_21,The big dwarf only jumps at?
24_23,ben_clark@post.cd
24_24,jack_king@post.uk
24_28,gwen_king@post.com
24_32,!yQS3xBc9z4u_cLg
24_33,6$=XhwcpH%a6bf9*
24_36,A big dwarf only jumps!
27_2,kyle_king@post.uk
27_3,gareth_wub@post.cd
27_4,5&Q_dpgwaE5hT?a
27_6,3}fW8&tR4bmdY_b7
27_7,jack_cox@post.de
27_8,Blocky dwarf zings the jump?
27_10,End by win a pun!
27_11,6$=XhwcpH%a6bf9*
27_12,A big dwarf only jumps at.
27_14,The big dwarf only jumps?
27_15,Nrc@NAt6duvyjNJb
27_16,ben_clark@post.cd
27_18,gareth_king@post.cd
27_19,john_clark@post.com
27_20,zdJq&cg5A$dX2ndT
27_22,The world is a stage!
27_23,qHP4x-%6aBZq84jM
27_24,dun_edwards@post.ik
27_26,1?wb:J5c6X[-5az7
27_27,Nymph begs for quick waltz!
27_28,james_king@post.com
27_30,gwen_king@post.com
27_31,The big dwarf only jumps at?
27_32,cKNmH?uncg9R=#7s
27_34,Rh(3q4aRmWx!R)e
27_35,A blocky dwarf zings a jump!
27_36,A Nymph begs for quick waltz!
28_1,Blocky dwarfs sing the jumps?
28_3,A big dwarf only jumps at.
28_4,gwen_king@post.com
28_5,The big dwarf only jumps at?
28_7,james_king@post.com
28_8,Nymphs beg for quick waltz!
28_9,gareth_wub@post.cd
28_11,5&Q_dpgwaE5hT?a
28_12,G?f(aGqGxn3eg*v#
28_13,john_clark@post.com
28_15,zdJq&cg5A$dX2ndT
28_16,mason_levi@post.cd
28_17,Nymph begs for quick waltz!
28_19,A Nymph begs for quick waltz!
28_20,hMNwZbawfCr9vb&p
28_21,jack_cox@post.de
28_23,Blocky dwarf zings the jump?
28_24,A big dwarf only jumps!
28_25,6$=XhwcpH%a6bf9*
28_27,dun_edwards@post.ik
28_28,jack_king@post.uk
28_29,qHP4x-%6aBZq84jM
28_31,ben_clark@post.cd
28_32,Blocky dwarfs sing the jumps?
28_33,Nrc@NAt6duvyjNJb
28_35,cKNmH?uncg9R=#7s
28_36,!yQS3xBc9z4u_cLg
29_1,3}fW8&tR4bmdY_b7
29_2,gwen_king@post.com
29_4,qHP4x-%6aBZq84jM
29_5,End by win a pun!
29_6,jack_king@post.uk
29_8,john_clark@post.com
29_9,The world is a stage!
29_10,G?f(aGqGxn3eg*v#
29_12,Nrc@NAt6duvyjNJb
29_13,The big dwarf only jumps?
29_14,Nymphs beg for quick waltz!
29_16,A blocky dwarf zings a jump!
29_17,Rh(3q4aRmWx!R)e
29_18,!yQS3xBc9z4u_cLg
29_20,Nymph begs for quick waltz!
29_21,gwen_king@post.com
29_22,Blocky dwarfs sing the jumps?
29_24,jack_cox@post.de
29_25,gareth_king@post.cd
29_26,A big dwarf only jumps!
29_28,The big dwarf only jumps at?
29_29,1?wb:J5c6X[-5az7
29_30,mason_levi@post.cd
29_32,6$=XhwcpH%a6bf9*
29_33,kyle_king@post.uk
29_34,hMNwZbawfCr9vb&p
29_36,gareth_wub@post.cd
30_1,A Nymph begs for quick waltz!
30_5,hMNwZbawfCr9vb&p
30_6,ben_clark@post.cd
30_9,jack_king@post.uk
30_10,dun_edwards@post.ik
30_14,5&Q_dpgwaE5hT?a
30_18,Blocky dwarf zings the jump?
30_19,gareth_king@post.cd
30_22,cKNmH?uncg9R=#7s
30_25,G?f(aGqGxn3eg*v#
30_26,A Nymph begs for quick waltz!
30_30,zdJq&cg5A$dX2ndT
30_34,james_king@post.com
31_3,john_clark@post.com
31_4,dun_edwards@post.ik
31_6,Rh(3q4aRmWx!R)e
31_7,qHP4x-%6aBZq84jM
31_8,A big dwarf only jumps at.
31_10,The world is a stage!
31_11,A blocky dwarf zings a jump!
31_12,A Nymph begs for quick waltz!
31_14,gwen_king@post.com
31_15,The big dwarf only jumps at?
31_16,cKNmH?uncg9R=#7s
31_18,End by win a pun!
31_19,jack_cox@post.de
31_20,james_king@post.com
31_22,1?wb:J5c6X[-5az7
31_23,gareth_wub@post.cd
31_24,Blocky dwarf zings the jump?
31_26,3}fW8&tR4bmdY_b7
31_27,6$=XhwcpH%a6bf9*
31_28,5&Q_dpgwaE5hT?a
31_31,Nymph begs for quick waltz!
31_32,zdJq&cg5A$dX2ndT
31_35,Nrc@NAt6duvyjNJb
32_1,!yQS3xBc9z4u_cLg
32_3,zdJq&cg5A$dX2ndT
32_4,hMNwZbawfCr9vb&p
32_5,gareth_wub@post.cd
32_7,A Nymph begs for quick waltz!
32_8,A big dwarf only jumps!
32_9,qHP4x-%6aBZq84jM
32_11,Blocky dwarf zings the jump?
32_12,mason_levi@post.cd
32_13,The big dwarf only jumps at?
32_15,5&Q_dpgwaE5hT?a
32_16,jack_king@post.uk
32_17,A blocky dwarf zings a jump!
32_19,cKNmH?uncg9R=#7s
32_20,!yQS3xBc9z4u_cLg
32_21,Nrc@NAt6duvyjNJb
32_23,dun_edwards@post.ik
32_24,Blocky dwarfs sing the jumps?
32_25,Nymph begs for quick waltz!
32_27,ben_clark@post.cd
32_28,G?f(aGqGxn3eg*v#
32_29,john_clark@post.com
32_31,A big dwarf only jumps at.
32_32,gwen_king@post.com
32_33,jack_cox@post.de
32_35,james_king@post.com
32_36,Nymphs beg for quick waltz!
33_1,The big dwarf only jumps?
33_2,mason_levi@post.cd
33_4,6$=XhwcpH%a6bf9*
33_5,Rh(3q4aRmWx!R)e
33_6,hMNwZbawfCr9vb&p
33_8,Nymph begs for quick waltz!
33_10,Nymphs beg for quick waltz!
33_12,jack_cox@post.de
33_13,End by win a pun!
33_14,G?f(aGqGxn3eg*v#
33_16,john_clark@post.com
33_17,gareth_king@post.cd
33_18,jack_king@post.uk
33_20,Nrc@NAt6duvyjNJb
33_21,kyle_king@post.uk
33_22,A big dwarf only jumps!
33_24,gareth_wub@post.cd
33_25,gwen_king@post.com
33_26,Blocky dwarfs sing the jumps?
33_28,A blocky dwarf zings a jump!
33_29,3}fW8&tR4bmdY_b7
33_30,gwen_king@post.com
33_32,qHP4x-%6aBZq84jM
33_33,The world is a stage!
33_34,!yQS3xBc9z4u_cLg
33_36,The big dwarf only jumps at?
35_3,gwen_king@post.com
35_6,End by win a pun!
35_11,Nymph begs for quick waltz!
35_15,jack_cox@post.de
35_19,A blocky dwarf zings a jump!
35_35,gareth_wub@post.cd